	gene_id	MX_con1-MX_con2_dPSI	MX_con1-MX_con2_p-val
FBXW7	ENSG00000109670	ENSG00000109670;MX:4:152411872-152412480:152412529-152535127:152411872-152534941:152535033-152535127:-	0.2191475322	0.0434565435
RALY	ENSG00000125970	ENSG00000125970;MX:20:34072205-34073563:34073635-34075874:34072205-34073819:34073866-34075874:+	-0.3037424698	0.033966034
SEC11A	ENSG00000140612	ENSG00000140612;MX:15:84670782-84679226:84679287-84680713:84670782-84679932:84679969-84680713:-	0.2672704857	0.046953047
SSBP2	ENSG00000145687	ENSG00000145687;MX:5:81474562-81489250:81489309-81615473:81474562-81513628:81513717-81615473:-	0.1869731714	0.048951049
UBAP1	ENSG00000165006	ENSG00000165006;MX:9:34179240-34220908:34220948-34241185:34179240-34234216:34234340-34241185:+	0.2673410428	0.044955045
PTPRM	ENSG00000173482	ENSG00000173482;MX:18:8247919-8248150:8248176-8296368:8247919-8253227:8253414-8296368:+	0.2425239441	0.03996004
