	gene_id	MX_con1-MX_con2_dPSI	MX_con1-MX_con2_p-val
MAP4K4	ENSG00000071054	ENSG00000071054;MX:2:101859864-101860825:101860986-101864930:101859864-101863821:101864051-101864930:+	-0.1254851701	0.0414585415
SDHA	ENSG00000073578	ENSG00000073578;MX:5:240476-250992:251043-256334:240476-254393:254506-256334:+	-0.3164034922	0.0074925075
	ENSG00000274863	ENSG00000274863;MX:20:19029437-19034275:19034436-19049555:19029437-19048094:19048293-19049555:-	0.2872067827	0.0424575425
STAG3L4	ENSG00000291153	ENSG00000291153;MX:7:67302885-67305987:67306083-67309564:67302885-67308935:67309139-67309564:+	-0.2721665416	0.04995005
